id,post_id,topic_id,post_number,created_at,updated_at,deleted_at,deleted_by
486326,388461,73231,4,2022-01-21 00:31:28 UTC,2022-01-21 00:31:28 UTC,,
486661,388523,73256,2,2022-01-21 11:54:57 UTC,2022-01-21 11:54:57 UTC,,
488318,389744,73256,23,2022-01-23 12:39:37 UTC,2022-01-23 12:39:37 UTC,,
488775,390978,73256,33,2022-01-24 01:04:42 UTC,2022-01-24 01:04:42 UTC,,
488781,390154,73794,3,2022-01-24 01:19:36 UTC,2022-01-24 01:19:37 UTC,,
488783,390165,73794,4,2022-01-24 01:22:35 UTC,2022-01-24 01:22:35 UTC,,
488784,390264,73805,2,2022-01-24 01:23:24 UTC,2022-01-24 01:23:24 UTC,,
489063,391135,73241,5,2022-01-24 11:39:02 UTC,2022-01-24 11:39:02 UTC,,
489751,391534,73805,6,2022-01-24 23:59:52 UTC,2022-01-24 23:59:52 UTC,,
489894,391281,73749,2,2022-01-25 02:03:59 UTC,2022-01-25 02:03:59 UTC,,
490239,391913,73241,12,2022-01-25 12:01:27 UTC,2022-01-25 12:01:27 UTC,,
490713,392113,74559,1,2022-01-25 22:22:29 UTC,2022-01-25 22:22:29 UTC,,
491736,392485,73794,9,2022-01-27 00:27:13 UTC,2022-01-27 00:27:13 UTC,,
492742,394038,73794,13,2022-01-27 22:52:43 UTC,2022-01-27 22:52:43 UTC,,
492764,392164,74560,1,2022-01-27 23:37:29 UTC,2022-01-27 23:37:29 UTC,,
492766,389222,73376,4,2022-01-27 23:38:37 UTC,2022-01-27 23:38:37 UTC,,
495214,395965,60982,197,2022-01-30 16:16:18 UTC,2022-01-30 16:16:18 UTC,,
495216,395985,60982,198,2022-01-30 16:16:27 UTC,2022-01-30 16:16:27 UTC,,
495962,392554,73241,15,2022-01-31 10:56:02 UTC,2022-01-31 10:56:02 UTC,,
497015,397668,73241,55,2022-02-01 11:17:48 UTC,2022-02-01 11:17:48 UTC,,
497916,397932,73794,19,2022-02-02 02:27:57 UTC,2022-02-02 02:27:57 UTC,,
500298,399734,73794,23,2022-02-04 02:53:16 UTC,2022-02-04 02:53:16 UTC,,
501415,400543,73794,26,2022-02-05 03:09:40 UTC,2022-02-05 03:09:40 UTC,,
503116,401897,73794,30,2022-02-07 10:49:09 UTC,2022-02-07 10:49:09 UTC,,
503130,402962,73794,33,2022-02-07 11:22:31 UTC,2022-02-07 11:22:31 UTC,,
503131,402748,73794,31,2022-02-07 11:22:57 UTC,2022-02-07 11:22:57 UTC,,
504044,399409,73241,64,2022-02-08 11:25:03 UTC,2022-02-08 11:25:03 UTC,,
504050,397659,73241,54,2022-02-08 11:29:34 UTC,2022-02-08 11:29:34 UTC,,
504554,403885,60104,287,2022-02-09 01:16:33 UTC,2022-02-09 01:16:33 UTC,,
507936,406611,73794,45,2022-02-13 13:40:42 UTC,2022-02-13 13:40:42 UTC,,
507940,406657,73794,46,2022-02-13 13:45:31 UTC,2022-02-13 13:45:31 UTC,,
507958,406881,73805,56,2022-02-13 14:31:35 UTC,2022-02-13 14:31:35 UTC,,
508011,405341,60342,426,2022-02-13 16:15:10 UTC,2022-02-13 16:15:10 UTC,,
508013,405356,60342,427,2022-02-13 16:15:41 UTC,2022-02-13 16:15:41 UTC,,
510130,397774,73338,32,2022-02-16 10:59:46 UTC,2022-02-16 10:59:46 UTC,,
510137,407020,61009,1013,2022-02-16 11:09:27 UTC,2022-02-16 11:09:27 UTC,,
510893,409238,74442,62,2022-02-17 00:51:16 UTC,2022-02-17 00:51:16 UTC,,
511907,410342,73794,56,2022-02-18 10:44:18 UTC,2022-02-18 10:44:18 UTC,,
512724,411435,60342,485,2022-02-19 16:06:07 UTC,2022-02-19 16:06:07 UTC,,
513653,412631,65433,28,2022-02-21 02:25:46 UTC,2022-02-21 02:25:46 UTC,,
513688,412622,73794,60,2022-02-21 02:49:59 UTC,2022-02-21 02:49:59 UTC,,
515176,413476,73794,64,2022-02-23 00:55:43 UTC,2022-02-23 00:55:43 UTC,,
515243,410268,73805,62,2022-02-23 02:30:58 UTC,2022-02-23 02:30:58 UTC,,
515475,413871,81255,10,2022-02-23 11:45:33 UTC,2022-02-23 11:45:33 UTC,,
516761,415151,61070,326,2022-02-25 11:25:07 UTC,2022-02-25 11:25:07 UTC,,
517103,415286,73794,69,2022-02-26 01:04:14 UTC,2022-02-26 01:04:14 UTC,,
517104,415322,61123,296,2022-02-26 01:06:36 UTC,2022-02-26 01:06:36 UTC,,
517292,413605,60104,313,2022-02-26 12:37:40 UTC,2022-02-26 12:37:40 UTC,,
517992,416171,73338,88,2022-02-27 21:50:04 UTC,2022-02-27 21:50:04 UTC,,
518282,417059,74393,229,2022-02-28 10:10:57 UTC,2022-02-28 10:10:57 UTC,,
